[
  {
    "id": "f921d3cd-7667-4f80-8f16-3c6f062673e2",
    "data": [
      {
        "text": "hii",
        "userDefined": false
      }
    ],
    "isTemplate": false,
    "count": 0
  },
  {
    "id": "f9fdf275-3012-4989-8e8b-18018c89b2bb",
    "data": [
      {
        "text": "hey",
        "userDefined": false
      }
    ],
    "isTemplate": false,
    "count": 0
  },
  {
    "id": "869cbe7f-8397-49c4-bc5f-a870787576ed",
    "data": [
      {
        "text": "hello",
        "userDefined": false
      }
    ],
    "isTemplate": false,
    "count": 0
  },
  {
    "id": "19b8bd59-845a-4ab2-99bf-500bb4b5b5d1",
    "data": [
      {
        "text": "hi",
        "userDefined": false
      }
    ],
    "isTemplate": false,
    "count": 0
  }
]