[
  {
    "id": "ce5ccc65-f56f-4358-8350-e7c881b570ad",
    "data": [
      {
        "text": "need of insurance",
        "userDefined": false
      }
    ],
    "isTemplate": false,
    "count": 0
  },
  {
    "id": "5905b919-9e16-495b-87cd-041511b813e3",
    "data": [
      {
        "text": "how much insurance is important",
        "userDefined": false
      }
    ],
    "isTemplate": false,
    "count": 1
  },
  {
    "id": "aa10bc0e-3ac2-4da3-a8d5-0108263a5b44",
    "data": [
      {
        "text": "How much Insurance do I need?",
        "userDefined": false
      }
    ],
    "isTemplate": false,
    "count": 0,
    "updated": 1514871234
  }
]