[
  {
    "id": "1b08dd1e-771c-49dd-a2ab-b5c5273245f9",
    "data": [
      {
        "text": "Solatium Fund Scheme",
        "userDefined": false
      }
    ],
    "isTemplate": false,
    "count": 0
  },
  {
    "id": "6d782062-81f5-4531-9662-0e90391e872c",
    "data": [
      {
        "text": "Solatium Fund",
        "userDefined": false
      }
    ],
    "isTemplate": false,
    "count": 0
  },
  {
    "id": "e9b6f81a-d21c-4df0-bec8-b271b40fb468",
    "data": [
      {
        "text": "What is Solatium Fund Scheme?",
        "userDefined": false
      }
    ],
    "isTemplate": false,
    "count": 0,
    "updated": 1514870198
  }
]