[
  {
    "id": "8831b34d-d36e-45a0-ac46-1b8667f70990",
    "data": [
      {
        "text": "documents required for motor cycle insurance",
        "userDefined": false
      }
    ],
    "isTemplate": false,
    "count": 0
  },
  {
    "id": "008e02cb-5fd0-4c4d-b09a-fc369d5cdcd1",
    "data": [
      {
        "text": "documents needed for motor insurance",
        "userDefined": false
      }
    ],
    "isTemplate": false,
    "count": 0
  },
  {
    "id": "c3c7fe6c-fa12-4df5-ad8b-97ff545589b8",
    "data": [
      {
        "text": "Which documents i need for insurance",
        "userDefined": false
      }
    ],
    "isTemplate": false,
    "count": 0
  },
  {
    "id": "9d9118cb-007f-4e85-97a7-5a306582e929",
    "data": [
      {
        "text": "What are documents required at the time of claim",
        "userDefined": false
      }
    ],
    "isTemplate": false,
    "count": 0,
    "updated": 1514870012
  }
]