[
  {
    "id": "e29e56d9-e65d-4cc8-a239-3089f8a31ac6",
    "data": [
      {
        "text": "property damage",
        "userDefined": false
      }
    ],
    "isTemplate": false,
    "count": 0
  },
  {
    "id": "998bab94-0ca4-4675-a328-ee3d10c622f7",
    "data": [
      {
        "text": "Can you explain property damage",
        "userDefined": false
      }
    ],
    "isTemplate": false,
    "count": 0
  },
  {
    "id": "aba85990-30a5-49aa-b5ca-8679edb675a3",
    "data": [
      {
        "text": "What should we do when there is an accident/loss due to fire/flood/inundation to our property?",
        "userDefined": false
      }
    ],
    "isTemplate": false,
    "count": 0,
    "updated": 1514876050
  }
]