[
  {
    "id": "7a04ef8f-7df2-4d6b-94d5-964cd724b581",
    "data": [
      {
        "text": "Surveyor Expected Time",
        "userDefined": false
      }
    ],
    "isTemplate": false,
    "count": 0
  },
  {
    "id": "6597b6d3-772b-4348-ba6a-3325e328b230",
    "data": [
      {
        "text": "Surveyor\u0027s Expected Time",
        "userDefined": false
      }
    ],
    "isTemplate": false,
    "count": 0
  },
  {
    "id": "0dd5d7c4-5443-4916-b79e-6a553eac8b97",
    "data": [
      {
        "text": "When can we expect the surveyor?",
        "userDefined": false
      }
    ],
    "isTemplate": false,
    "count": 0,
    "updated": 1514876735
  }
]