[
  {
    "id": "4a5e3f61-fc98-4d72-a354-4ee23776cce4",
    "data": [
      {
        "text": "Required Documents for NOn-Motor Insurance",
        "userDefined": false
      }
    ],
    "isTemplate": false,
    "count": 0
  },
  {
    "id": "92704a12-f5bf-47e3-b05b-13dc96dd3bb1",
    "data": [
      {
        "text": "documents needed for non motor insurance",
        "userDefined": false
      }
    ],
    "isTemplate": false,
    "count": 0
  },
  {
    "id": "a445d87f-039b-4c6a-9239-b7ce4d3fb37c",
    "data": [
      {
        "text": "documents required for ",
        "userDefined": false
      },
      {
        "text": "non motor",
        "meta": "@sys.ignore",
        "userDefined": false
      },
      {
        "text": " insurance",
        "userDefined": false
      }
    ],
    "isTemplate": false,
    "count": 0
  },
  {
    "id": "c61df138-b64d-4507-9d3f-ccb03a311183",
    "data": [
      {
        "text": "What are the documents needed to be submitted for a claim?",
        "userDefined": false
      }
    ],
    "isTemplate": false,
    "count": 0,
    "updated": 1514876320
  }
]