[
  {
    "id": "36b52050-33a7-4e6a-9a17-8d345e068cd3",
    "data": [
      {
        "text": "CNG/LPG ",
        "userDefined": false
      },
      {
        "text": "kit",
        "meta": "@sys.ignore",
        "userDefined": false
      }
    ],
    "isTemplate": false,
    "count": 0
  },
  {
    "id": "b0242121-d8f9-44ca-a74c-39eebc342331",
    "data": [
      {
        "text": "CNG/LPG kit installation",
        "userDefined": false
      }
    ],
    "isTemplate": false,
    "count": 0
  },
  {
    "id": "78010ea6-98e4-48d3-b42a-6708add33fa1",
    "data": [
      {
        "text": "What if my vehicle has CNG/LPG kit installed?",
        "userDefined": false
      }
    ],
    "isTemplate": false,
    "count": 0,
    "updated": 1514874839
  }
]