[
  {
    "id": "2cdb0449-31ec-4620-b1c6-56f52c96ae5f",
    "data": [
      {
        "text": "Private Car",
        "meta": "@sys.ignore",
        "userDefined": false
      }
    ],
    "isTemplate": false,
    "count": 0,
    "updated": 1516008625
  },
  {
    "id": "c8b1e09c-4d57-4425-9713-715ee8537daa",
    "data": [
      {
        "text": "Private Car",
        "meta": "@sys.ignore",
        "userDefined": false
      },
      {
        "text": " Insurance",
        "userDefined": false
      }
    ],
    "isTemplate": false,
    "count": 0,
    "updated": 1516008625
  }
]