[
  {
    "id": "2a37ddf4-1724-4e51-ab80-cd9b5569bfb5",
    "data": [
      {
        "text": "compulsory excess and voluntary excess",
        "userDefined": false
      }
    ],
    "isTemplate": false,
    "count": 0
  },
  {
    "id": "ba553aea-e902-4bc1-ac1b-8914a039815d",
    "data": [
      {
        "text": "What is compulsory excess and voluntary excess in motor policy?",
        "userDefined": false
      }
    ],
    "isTemplate": false,
    "count": 0,
    "updated": 1514872459
  }
]